{
  "resourceType" : "Parameters",
  "id" : "Parameters-RequestPsnWorkflow-response-example-1",
  "parameter" : [{
    "name" : "pseudonym",
    "part" : [{
      "name" : "original",
      "valueIdentifier" : {
        "system" : "https://ths-greifswald.de/gpas",
        "value" : "dic_1H51T"
      }
    },
    {
      "name" : "target",
      "valueIdentifier" : {
        "system" : "https://ths-greifswald.de/gpas",
        "value" : "eyematics"
      }
    },
    {
      "name" : "pseudonym",
      "valueIdentifier" : {
        "system" : "https://ths-greifswald.de/gpas",
        "value" : "eyematics_6348Q7"
      }
    }]
  },
  {
    "name" : "error",
    "part" : [{
      "name" : "original",
      "valueIdentifier" : {
        "system" : "https://ths-greifswald.de/gpas",
        "value" : "dic_2Q42E"
      }
    },
    {
      "name" : "target",
      "valueIdentifier" : {
        "system" : "https://ths-greifswald.de/gpas",
        "value" : "eyematics"
      }
    },
    {
      "name" : "error-code",
      "valueCoding" : {
        "system" : "http://hl7.org/fhir/issue-type",
        "code" : "not-found",
        "display" : "Not Found"
      }
    }]
  }]
}