{"resourceType":"OperationDefinition","id":"RequestPsnFromBfWorkflow","text":{"status":"generated","div":"<div xmlns=\"http://www.w3.org/1999/xhtml\"><p class=\"res-header-id\"><b>Generated Narrative: OperationDefinition RequestPsnFromBfWorkflow</b></p><a name=\"RequestPsnFromBfWorkflow\"> </a><a name=\"hcRequestPsnFromBfWorkflow\"> </a><p>URL: [base]/$requestPsnFromBfWorkflow</p><h3>Parameters</h3><table class=\"grid\"><tr><td><b>Use</b></td><td><b>Name</b></td><td><b>Scope</b></td><td><b>Cardinality</b></td><td><b>Type</b></td><td><b>Binding</b></td><td><b>Documentation</b></td></tr><tr><td>IN</td><td>study</td><td/><td>1..1</td><td><a href=\"http://hl7.org/fhir/R4/datatypes.html#string\">string</a></td><td/><td><div><p>Angabe der Studie</p>\n</div></td></tr><tr><td>IN</td><td>bloomfilter</td><td/><td>1..*</td><td><a href=\"http://hl7.org/fhir/R4/datatypes.html#base64Binary\">base64Binary</a></td><td/><td><div><p>Liste studien- und standortspezifischer Bloomfilter (base64-codiert)</p>\n</div></td></tr><tr><td>IN</td><td>target</td><td/><td>1..1</td><td><a href=\"http://hl7.org/fhir/R4/datatypes.html#string\">string</a></td><td/><td><div><p>Angabe des Bloomfilter sendenden Standorts (Ziel-Domäne)</p>\n</div></td></tr><tr><td>OUT</td><td>pseudonym-bf</td><td/><td>0..*</td><td></td><td/><td><div><p>Ermitteltes bzw. generiertes studien- und standort-spezifisches Pseudonym</p>\n</div></td></tr><tr><td>OUT</td><td>pseudonym-bf.bloomfilter</td><td/><td>1..1</td><td><a href=\"http://hl7.org/fhir/R4/datatypes.html#base64Binary\">base64Binary</a></td><td/><td><div><p>Bloomfilter</p>\n</div></td></tr><tr><td>OUT</td><td>pseudonym-bf.target</td><td/><td>1..1</td><td><a href=\"http://hl7.org/fhir/R4/datatypes.html#Identifier\">Identifier</a></td><td/><td><div><p>die verwendete Ziel-Domäne (im Request übergeben)</p>\n</div></td></tr><tr><td>OUT</td><td>pseudonym-bf.pseudonym</td><td/><td>1..1</td><td><a href=\"http://hl7.org/fhir/R4/datatypes.html#Identifier\">Identifier</a></td><td/><td><div><p>das in der Ziel-Domäne erzeugte Pseudonym.</p>\n</div></td></tr><tr><td>OUT</td><td>error</td><td/><td>0..*</td><td></td><td/><td><div><p>Fehlerrückgabe bei Teil-Fehlern</p>\n</div></td></tr><tr><td>OUT</td><td>error.bloomfilter</td><td/><td>0..1</td><td><a href=\"http://hl7.org/fhir/R4/datatypes.html#base64Binary\">base64Binary</a></td><td/><td><div><p>Bloomfilter</p>\n</div></td></tr><tr><td>OUT</td><td>error.target</td><td/><td>0..1</td><td><a href=\"http://hl7.org/fhir/R4/datatypes.html#Identifier\">Identifier</a></td><td/><td><div><p>die verwendete Ziel-Domäne (im Request übergeben)</p>\n</div></td></tr><tr><td>OUT</td><td>error.error-code</td><td/><td>1..1</td><td><a href=\"http://hl7.org/fhir/R4/datatypes.html#Coding\">Coding</a></td><td/><td><div><p>Fehlercode</p>\n</div></td></tr></table><div><p>Personenregistrierung und Privacy-Preserving Record Linkage (PPRL) auf Basis von Bloomfiltern (BF) innerhalb eines Geltungsbereiches (Studie, Standort). Die Erzeugung eines standortspezifischen Pseudonyms erfolgt innerhalb der angegebenen Ziel-Domäne. Diese wird automatisch erzeugt, sofern noch nicht vorhanden. Die Rückgabe eines standortspezifischen Pseudonyms (z.B. DIZPseudonym) erfolgt als Parameter.</p>\n</div></div>"},"url":"https://ths-greifswald.de/fhir/OperationDefinition/dispatcher/requestPsnFromBfWorkflow","version":"2025.2.0","name":"RequestPsnFromBfWorkflow","title":"requestPsnFromBfWorkflow","status":"active","kind":"operation","date":"2025-06-12","publisher":"Unabhängige Treuhandstelle der Universitätsmedizin Greifswald","contact":[{"name":"Unabhängige Treuhandstelle der Universitätsmedizin Greifswald","telecom":[{"system":"url","value":"https://www.ths-greifswald.de/"}]}],"description":"Personenregistrierung und Privacy-Preserving Record Linkage (PPRL) auf Basis von Bloomfiltern (BF) innerhalb eines Geltungsbereiches (Studie, Standort). Die Erzeugung eines standortspezifischen Pseudonyms erfolgt innerhalb der angegebenen Ziel-Domäne. Diese wird automatisch erzeugt, sofern noch nicht vorhanden. Die Rückgabe eines standortspezifischen Pseudonyms (z.B. DIZPseudonym) erfolgt als Parameter.","purpose":"Teil des FHIR Gateway für Dispatcher und gPAS. Weitere Infos unter https://ths-greifswald.de","code":"requestPsnFromBfWorkflow","comment":"Personenregistrierung und Privacy-Preserving Record Linkage (PPRL) auf Basis von Bloomfiltern (BF) innerhalb eines Geltungsbereiches (Studie, Standort). Die Erzeugung eines standortspezifischen Pseudonyms erfolgt innerhalb der angegebenen Ziel-Domäne. Diese wird automatisch erzeugt, sofern noch nicht vorhanden. Die Rückgabe eines standortspezifischen Pseudonyms (z.B. DIZPseudonym) erfolgt als Parameter.","system":true,"type":false,"instance":false,"parameter":[{"name":"study","use":"in","min":1,"max":"1","documentation":"Angabe der Studie","type":"string"},{"name":"bloomfilter","use":"in","min":1,"max":"*","documentation":"Liste studien- und standortspezifischer Bloomfilter (base64-codiert)","type":"base64Binary","part":[{"name":"bloomfilter","use":"out","min":1,"max":"1","documentation":"Bloomfilter"},{"name":"version","use":"out","min":1,"max":"1","documentation":"Version des Bloomfilters"}]},{"name":"target","use":"in","min":1,"max":"1","documentation":"Angabe des Bloomfilter sendenden Standorts (Ziel-Domäne)","type":"string"},{"name":"pseudonym-bf","use":"out","min":0,"max":"*","documentation":"Ermitteltes bzw. generiertes studien- und standort-spezifisches Pseudonym","part":[{"name":"bloomfilter","use":"out","min":1,"max":"1","documentation":"Bloomfilter","type":"base64Binary"},{"name":"target","use":"out","min":1,"max":"1","documentation":"die verwendete Ziel-Domäne (im Request übergeben)","type":"Identifier"},{"name":"pseudonym","use":"out","min":1,"max":"1","documentation":"das in der Ziel-Domäne erzeugte Pseudonym.","type":"Identifier"}]},{"name":"error","use":"out","min":0,"max":"*","documentation":"Fehlerrückgabe bei Teil-Fehlern","part":[{"name":"bloomfilter","use":"out","min":0,"max":"1","documentation":"Bloomfilter","type":"base64Binary"},{"name":"target","use":"out","min":0,"max":"1","documentation":"die verwendete Ziel-Domäne (im Request übergeben)","type":"Identifier"},{"name":"error-code","use":"out","min":1,"max":"1","documentation":"Fehlercode","type":"Coding"}]}]}