{"resourceType":"ValueSet","id":"ConsentStatusObjectionFullValuesVS","text":{"status":"generated","div":"<div xmlns=\"http://www.w3.org/1999/xhtml\"><p class=\"res-header-id\"><b>Generated Narrative: ValueSet ConsentStatusObjectionFullValuesVS</b></p><a name=\"ConsentStatusObjectionFullValuesVS\"> </a><a name=\"hcConsentStatusObjectionFullValuesVS\"> </a><p>This value set contains 3 concepts</p><table class=\"codes\"><tr><td><b>System</b></td><td style=\"white-space:nowrap\"><b>Code</b></td><td><b>Display</b></td></tr><tr><td><a name=\"ConsentStatusObjectionFullValuesVS-https://ths-greifswald.de/fhir/CodeSystem/gics/ConsentStatus-OBJECTED\"> </a><code>https://ths-greifswald.de/fhir/CodeSystem/gics/ConsentStatus</code></td><td style=\"white-space:nowrap\">\u00a0\u00a0<a href=\"CodeSystem-ConsentStatusCS.html#ConsentStatusCS-OBJECTED\">OBJECTED</a></td><td>Widersprechen</td></tr><tr><td><a name=\"ConsentStatusObjectionFullValuesVS-https://ths-greifswald.de/fhir/CodeSystem/gics/ConsentStatus-NOT_ASKED\"> </a><code>https://ths-greifswald.de/fhir/CodeSystem/gics/ConsentStatus</code></td><td style=\"white-space:nowrap\">\u00a0\u00a0<a href=\"CodeSystem-ConsentStatusCS.html#ConsentStatusCS-NOT_ASKED\">NOT_ASKED</a></td><td>Nicht gefragt</td></tr><tr><td><a name=\"ConsentStatusObjectionFullValuesVS-https://ths-greifswald.de/fhir/CodeSystem/gics/ConsentStatus-NOT_CHOSEN\"> </a><code>https://ths-greifswald.de/fhir/CodeSystem/gics/ConsentStatus</code></td><td style=\"white-space:nowrap\">\u00a0\u00a0<a href=\"CodeSystem-ConsentStatusCS.html#ConsentStatusCS-NOT_CHOSEN\">NOT_CHOSEN</a></td><td>Nicht gefragt</td></tr></table></div>"},"url":"https://ths-greifswald.de/fhir/ValueSet/gics/ConsentStatusObjectionFullValues","version":"2025.2.0","name":"ConsentStatusObjectionFullValues","status":"active","experimental":false,"date":"2025-06-12","publisher":"Unabhängige Treuhandstelle der Universitätsmedizin Greifswald","contact":[{"name":"Unabhängige Treuhandstelle der Universitätsmedizin Greifswald","telecom":[{"system":"url","value":"https://www.ths-greifswald.de/"}]}],"copyright":"Copyright 2020-2025 Unabhängige Treuhandstelle der Universitätsmedizin Greifswald","compose":{"include":[{"system":"https://ths-greifswald.de/fhir/CodeSystem/gics/ConsentStatus","concept":[{"code":"OBJECTED"},{"code":"NOT_ASKED"},{"code":"NOT_CHOSEN"}]}]},"expansion":{"timestamp":"2024-10-04T12:00:00Z","total":3,"contains":[{"system":"https://ths-greifswald.de/fhir/CodeSystem/gics/ConsentStatus","code":"OBJECTED","display":"Widersprechen"},{"system":"https://ths-greifswald.de/fhir/CodeSystem/gics/ConsentStatus","code":"NOT_ASKED","display":"Nicht gefragt"},{"system":"https://ths-greifswald.de/fhir/CodeSystem/gics/ConsentStatus","code":"NOT_CHOSEN","display":"Nicht gefragt"}]}}