{"resourceType":"ValueSet","id":"ConsentPolicyClassVS","text":{"status":"generated","div":"<div xmlns=\"http://www.w3.org/1999/xhtml\"><p class=\"res-header-id\"><b>Generated Narrative: ValueSet ConsentPolicyClassVS</b></p><a name=\"ConsentPolicyClassVS\"> </a><a name=\"hcConsentPolicyClassVS\"> </a><ul><li>Include all codes defined in <code>https://ths-greifswald.de/fhir/CodeSystem/ConsentPolicyClass</code><span title=\"Version is not explicitly stated. No matching Code System found\"> version Not Stated (use latest from terminology server)</span></li></ul></div>"},"url":"https://ths-greifswald.de/fhir/ValueSet/gics/ConsentPolicyClass","version":"2025.2.0","name":"ConsentPolicyClass","status":"active","experimental":false,"date":"2025-06-12","publisher":"Unabhängige Treuhandstelle der Universitätsmedizin Greifswald","contact":[{"name":"Unabhängige Treuhandstelle der Universitätsmedizin Greifswald","telecom":[{"system":"url","value":"https://www.ths-greifswald.de/"}]}],"copyright":"Copyright 2020-2025 Unabhängige Treuhandstelle der Universitätsmedizin Greifswald","compose":{"include":[{"system":"https://ths-greifswald.de/fhir/CodeSystem/ConsentPolicyClass"}]}}