{"resourceType":"ValueSet","id":"ConsentStatusWithdrawalShortValuesVS","text":{"status":"generated","div":"<div xmlns=\"http://www.w3.org/1999/xhtml\"><p class=\"res-header-id\"><b>Generated Narrative: ValueSet ConsentStatusWithdrawalShortValuesVS</b></p><a name=\"ConsentStatusWithdrawalShortValuesVS\"> </a><a name=\"hcConsentStatusWithdrawalShortValuesVS\"> </a><p>This value set contains 2 concepts</p><table class=\"codes\"><tr><td><b>System</b></td><td style=\"white-space:nowrap\"><b>Code</b></td><td><b>Display</b></td></tr><tr><td><a name=\"ConsentStatusWithdrawalShortValuesVS-https://ths-greifswald.de/fhir/CodeSystem/gics/ConsentStatus-WITHDRAWN\"> </a><code>https://ths-greifswald.de/fhir/CodeSystem/gics/ConsentStatus</code></td><td style=\"white-space:nowrap\">\u00a0\u00a0<a href=\"CodeSystem-ConsentStatusCS.html#ConsentStatusCS-WITHDRAWN\">WITHDRAWN</a></td><td>Ja</td></tr><tr><td><a name=\"ConsentStatusWithdrawalShortValuesVS-https://ths-greifswald.de/fhir/CodeSystem/gics/ConsentStatus-NOT_CHOSEN\"> </a><code>https://ths-greifswald.de/fhir/CodeSystem/gics/ConsentStatus</code></td><td style=\"white-space:nowrap\">\u00a0\u00a0<a href=\"CodeSystem-ConsentStatusCS.html#ConsentStatusCS-NOT_CHOSEN\">NOT_CHOSEN</a></td><td>Nein</td></tr></table></div>"},"url":"https://ths-greifswald.de/fhir/ValueSet/gics/ConsentStatusWithdrawalShortValues","version":"2025.2.0","name":"ConsentStatusWithdrawalShortValues","status":"active","experimental":false,"date":"2025-06-12","publisher":"Unabhängige Treuhandstelle der Universitätsmedizin Greifswald","contact":[{"name":"Unabhängige Treuhandstelle der Universitätsmedizin Greifswald","telecom":[{"system":"url","value":"https://www.ths-greifswald.de/"}]}],"copyright":"Copyright 2020-2025 Unabhängige Treuhandstelle der Universitätsmedizin Greifswald","compose":{"include":[{"system":"https://ths-greifswald.de/fhir/CodeSystem/gics/ConsentStatus","concept":[{"code":"WITHDRAWN"},{"code":"NOT_CHOSEN"}]}]},"expansion":{"timestamp":"2021-04-12T12:00:00Z","total":2,"parameter":[{"name":"designation","valueCode":"withdrawal"}],"contains":[{"system":"https://ths-greifswald.de/fhir/CodeSystem/gics/ConsentStatus","code":"WITHDRAWN","display":"Ja"},{"system":"https://ths-greifswald.de/fhir/CodeSystem/gics/ConsentStatus","code":"NOT_CHOSEN","display":"Nein"}]}}