<?xml version="1.0" encoding="UTF-8"?><ValueSet xmlns="http://hl7.org/fhir"><id value="ConsentComponentTypeVS"/><text><status value="generated"/><div xmlns="http://www.w3.org/1999/xhtml"><p class="res-header-id"><b>Generated Narrative: ValueSet ConsentComponentTypeVS</b></p><a name="ConsentComponentTypeVS"> </a><a name="hcConsentComponentTypeVS"> </a><p>This value set contains 6 concepts</p><table class="codes"><tr><td><b>System</b></td><td style="white-space:nowrap"><b>Code</b></td><td><b>Display</b></td><td><b>Definition</b></td></tr><tr><td><a name="ConsentComponentTypeVS-http://fhir.de/ConsentManagement/CodeSystem/QuestionnaireComponents-TemplateModule"> </a><code>http://fhir.de/ConsentManagement/CodeSystem/QuestionnaireComponents</code></td><td style="white-space:nowrap">  TemplateModule</td><td>Template-Module</td><td/></tr><tr><td><a name="ConsentComponentTypeVS-http://fhir.de/ConsentManagement/CodeSystem/QuestionnaireComponents-TemplateFrame"> </a><code>http://fhir.de/ConsentManagement/CodeSystem/QuestionnaireComponents</code></td><td style="white-space:nowrap">  TemplateFrame</td><td>Template-Frame</td><td/></tr><tr><td><a name="ConsentComponentTypeVS-http://fhir.de/ConsentManagement/CodeSystem/QuestionnaireComponents-QuestionnaireComposed"> </a><code>http://fhir.de/ConsentManagement/CodeSystem/QuestionnaireComponents</code></td><td style="white-space:nowrap">  QuestionnaireComposed</td><td>Composed Questionnaire</td><td/></tr><tr><td><a name="ConsentComponentTypeVS-https://ths-greifswald.de/fhir/CodeSystem/gics/ConsentComponentType-ConsentPolicy"> </a><code>https://ths-greifswald.de/fhir/CodeSystem/gics/ConsentComponentType</code></td><td style="white-space:nowrap">  <a href="CodeSystem-ConsentComponentTypeCS.html#ConsentComponentTypeCS-ConsentPolicy">ConsentPolicy</a></td><td>Consent-Policy</td><td/></tr><tr><td><a name="ConsentComponentTypeVS-https://ths-greifswald.de/fhir/CodeSystem/gics/ConsentComponentType-ConsentModule"> </a><code>https://ths-greifswald.de/fhir/CodeSystem/gics/ConsentComponentType</code></td><td style="white-space:nowrap">  <a href="CodeSystem-ConsentComponentTypeCS.html#ConsentComponentTypeCS-ConsentModule">ConsentModule</a></td><td>Consent-Module</td><td/></tr><tr><td><a name="ConsentComponentTypeVS-https://ths-greifswald.de/fhir/CodeSystem/gics/ConsentComponentType-ConsentTemplate"> </a><code>https://ths-greifswald.de/fhir/CodeSystem/gics/ConsentComponentType</code></td><td style="white-space:nowrap">  <a href="CodeSystem-ConsentComponentTypeCS.html#ConsentComponentTypeCS-ConsentTemplate">ConsentTemplate</a></td><td>Consent-Template</td><td/></tr></table></div></text><url value="https://ths-greifswald.de/fhir/ValueSet/gics/ConsentComponentType"/><version value="2025.1.0"/><name value="ConsentComponentType"/><status value="active"/><experimental value="false"/><date value="2025-06-12"/><publisher value="Unabhängige Treuhandstelle der Universitätsmedizin Greifswald"/><contact><name value="Unabhängige Treuhandstelle der Universitätsmedizin Greifswald"/><telecom><system value="url"/><value value="https://www.ths-greifswald.de/"/></telecom></contact><copyright value="Copyright 2020-2025 Unabhängige Treuhandstelle der Universitätsmedizin Greifswald"/><compose><include><system value="http://fhir.de/ConsentManagement/CodeSystem/QuestionnaireComponents"/></include><include><system value="https://ths-greifswald.de/fhir/CodeSystem/gics/ConsentComponentType"/></include></compose><expansion><timestamp value="2021-04-12T12:00:00Z"/><total value="6"/><contains><system value="http://fhir.de/ConsentManagement/CodeSystem/QuestionnaireComponents"/><code value="TemplateModule"/><display value="Template-Module"/></contains><contains><system value="http://fhir.de/ConsentManagement/CodeSystem/QuestionnaireComponents"/><code value="TemplateFrame"/><display value="Template-Frame"/></contains><contains><system value="http://fhir.de/ConsentManagement/CodeSystem/QuestionnaireComponents"/><code value="QuestionnaireComposed"/><display value="Composed Questionnaire"/></contains><contains><system value="https://ths-greifswald.de/fhir/CodeSystem/gics/ConsentComponentType"/><code value="ConsentPolicy"/><display value="Consent-Policy"/></contains><contains><system value="https://ths-greifswald.de/fhir/CodeSystem/gics/ConsentComponentType"/><code value="ConsentModule"/><display value="Consent-Module"/></contains><contains><system value="https://ths-greifswald.de/fhir/CodeSystem/gics/ConsentComponentType"/><code value="ConsentTemplate"/><display value="Consent-Template"/></contains></expansion></ValueSet>