<?xml version="1.0" encoding="UTF-8"?>

<Patient xmlns="http://hl7.org/fhir">
  <id value="Idat-example-1"/>
  <meta>
    <profile value="https://ths-greifswald.de/fhir/StructureDefinition/dispatcher/Patient/Idat"/>
  </meta>
  <text>
    <status value="generated"/><div xmlns="http://www.w3.org/1999/xhtml"><p class="res-header-id"><b>Generated Narrative: Patient Idat-example-1</b></p><a name="Idat-example-1"> </a><a name="hcIdat-example-1"> </a><div style="display: inline-block; background-color: #d9e0e7; padding: 6px; margin: 4px; border: 1px solid #8da1b4; border-radius: 5px; line-height: 60%"><p style="margin-bottom: 0px"/><p style="margin-bottom: 0px">Profile: <a href="StructureDefinition-Idat.html">IDAT</a></p></div><p style="border: 1px #661aff solid; background-color: #e6e6ff; padding: 10px;">Martin Mustermann  Male, DoB: 1965-12-03</p><hr/><table class="grid"><tr><td style="background-color: #f3f5da" title="The nationality of the patient.">Patient Nationality:</td><td colspan="3"><ul><li>code: <span title="Codes:{urn:iso:std:iso:3166 DE}">Germany</span></li></ul></td></tr><tr><td style="background-color: #f3f5da" title="The registered place of birth of the patient. A sytem may use the address.text if they don't store the birthPlace address in discrete elements."><a href="http://hl7.org/fhir/extensions/5.2.0/StructureDefinition-patient-birthPlace.html">Patient Birth Place</a></td><td colspan="3">Musterhausen </td></tr></table></div>
  </text>
  <extension url="http://hl7.org/fhir/StructureDefinition/patient-birthPlace">
    <valueAddress>
      <city value="Musterhausen"/>
    </valueAddress>
  </extension>
  <extension url="http://hl7.org/fhir/StructureDefinition/patient-nationality">
    <extension url="code">
      <valueCodeableConcept>
        <coding>
          <system value="urn:iso:std:iso:3166"/>
          <code value="DE"/>
        </coding>
      </valueCodeableConcept>
    </extension>
  </extension>
  <name>
    <family value="Mustermann"/>
    <given value="Martin"/>
    <prefix value="Dr. med.">
      <extension url="http://hl7.org/fhir/StructureDefinition/iso21090-EN-qualifier">
        <valueCode value="AC"/>
      </extension>
    </prefix>
  </name>
  <gender value="male"/>
  <birthDate value="1965-12-03"/>
</Patient>