{
  "resourceType" : "OperationDefinition",
  "id" : "RequestPsnWorkflow",
  "text" : {
    "status" : "generated",
    "div" : "<div xmlns=\"http://www.w3.org/1999/xhtml\"><p class=\"res-header-id\"><b>Generated Narrative: OperationDefinition RequestPsnWorkflow</b></p><a name=\"RequestPsnWorkflow\"> </a><a name=\"hcRequestPsnWorkflow\"> </a><p>URL: [base]/$requestPsnWorkflow</p><h3>Parameters</h3><table class=\"grid\"><tr><td><b>Use</b></td><td><b>Name</b></td><td><b>Scope</b></td><td><b>Cardinality</b></td><td><b>Type</b></td><td><b>Binding</b></td><td><b>Documentation</b></td></tr><tr><td>IN</td><td>original</td><td/><td>1..*</td><td><a href=\"http://hl7.org/fhir/R4/datatypes.html#string\">string</a></td><td/><td><div><p>Liste studien- und standortspezifischer Originalwerte für die entsprechende Pseudonyme ermittelt bzw. erstellt werden.</p>\n</div></td></tr><tr><td>IN</td><td>study</td><td/><td>1..1</td><td><a href=\"http://hl7.org/fhir/R4/datatypes.html#string\">string</a></td><td/><td><div><p>Angabe der Studie</p>\n</div></td></tr><tr><td>IN</td><td>source</td><td/><td>1..1</td><td><a href=\"http://hl7.org/fhir/R4/datatypes.html#string\">string</a></td><td/><td><div><p>Angabe der Quell-Domäne (Herkunft des Originalwertes)</p>\n</div></td></tr><tr><td>IN</td><td>target</td><td/><td>1..1</td><td><a href=\"http://hl7.org/fhir/R4/datatypes.html#string\">string</a></td><td/><td><div><p>Angabe der Ziel-Domäne</p>\n</div></td></tr><tr><td>IN</td><td>event</td><td/><td>0..1</td><td><a href=\"http://hl7.org/fhir/R4/datatypes.html#string\">string</a></td><td/><td><div><p>Optionaler Parameter. Auszulösendes, vorkonfiguriertes Pseudonymisierungsevents innerhalb des Workflow-Managers.</p>\n</div></td></tr><tr><td>OUT</td><td>pseudonym</td><td/><td>0..*</td><td/><td/><td><div><p>Ermitteltes bzw. generiertes studien- und standort-spezifisches Pseudonym</p>\n</div></td></tr><tr><td>OUT</td><td>pseudonym.original</td><td/><td>1..1</td><td><a href=\"http://hl7.org/fhir/R4/datatypes.html#Identifier\">Identifier</a></td><td/><td><div><p>der zu pseudonymisierende Wert (im Request übergeben)</p>\n</div></td></tr><tr><td>OUT</td><td>pseudonym.target</td><td/><td>1..1</td><td><a href=\"http://hl7.org/fhir/R4/datatypes.html#Identifier\">Identifier</a></td><td/><td><div><p>die verwendete Ziel-Domäne (im Request übergeben)</p>\n</div></td></tr><tr><td>OUT</td><td>pseudonym.pseudonym</td><td/><td>1..1</td><td><a href=\"http://hl7.org/fhir/R4/datatypes.html#Identifier\">Identifier</a></td><td/><td><div><p>das in der Ziel-Domäne erzeugte Pseudonym.</p>\n</div></td></tr><tr><td>OUT</td><td>error</td><td/><td>0..*</td><td/><td/><td><div><p>Wenn einzelne übergebene Parameter fehlerhaft bzw. nicht valide sind, wird statt eines Pseudonyms ein Fehler-Parameter (error-Parameter) mit der Fehlerbeschreibung zurückgeliefert.</p>\n</div></td></tr><tr><td>OUT</td><td>error.original</td><td/><td>0..1</td><td><a href=\"http://hl7.org/fhir/R4/datatypes.html#Identifier\">Identifier</a></td><td/><td><div><p>der zu pseudonymisierende Wert (im Request übergeben)</p>\n</div></td></tr><tr><td>OUT</td><td>error.target</td><td/><td>0..1</td><td><a href=\"http://hl7.org/fhir/R4/datatypes.html#Identifier\">Identifier</a></td><td/><td><div><p>die verwendete Ziel-Domäne (im Request übergeben)</p>\n</div></td></tr><tr><td>OUT</td><td>error.error-code</td><td/><td>1..1</td><td><a href=\"http://hl7.org/fhir/R4/datatypes.html#Coding\">Coding</a></td><td/><td><div><p>Fehlercode</p>\n</div></td></tr></table><div><p>Abfragen bzw. anlegen von Pseudonymen auf Basis eines vorkonfigurierten Pseudonymisierungsablaufs (Workflow) für einen gegebenen Geltungsbereich (Studie und Standort). Die Rückgabe der generierten standort- und studienspezifischen-Pseudonyme erfolgt als Parameter.</p>\n</div></div>"
  },
  "url" : "https://ths-greifswald.de/fhir/OperationDefinition/dispatcher/requestPsnWorkflow",
  "version" : "2025.1.0",
  "name" : "RequestPsnWorkflow",
  "title" : "requestPsnWorkflow",
  "status" : "active",
  "kind" : "operation",
  "date" : "2025-06-12",
  "publisher" : "Unabhängige Treuhandstelle der Universitätsmedizin Greifswald",
  "contact" : [{
    "name" : "Unabhängige Treuhandstelle der Universitätsmedizin Greifswald",
    "telecom" : [{
      "system" : "url",
      "value" : "https://www.ths-greifswald.de/"
    }]
  }],
  "description" : "Abfragen bzw. anlegen von Pseudonymen auf Basis eines vorkonfigurierten Pseudonymisierungsablaufs (Workflow) für einen gegebenen Geltungsbereich (Studie und Standort). Die Rückgabe der generierten standort- und studienspezifischen-Pseudonyme erfolgt als Parameter.",
  "purpose" : "Teil des FHIR Gateway für Dispatcher und gPAS. Weitere Infos unter https://ths-greifswald.de",
  "code" : "requestPsnWorkflow",
  "comment" : "Abfragen bzw. anlegen von Pseudonymen auf Basis eines vorkonfigurierten Pseudonymisierungsablaufs (Workflow) für einen gegebenen Geltungsbereich (Studie und Standort). Die Rückgabe der generierten standort- und studienspezifischen-Pseudonyme erfolgt als Parameter.",
  "system" : true,
  "type" : false,
  "instance" : false,
  "parameter" : [{
    "name" : "original",
    "use" : "in",
    "min" : 1,
    "max" : "*",
    "documentation" : "Liste studien- und standortspezifischer Originalwerte für die entsprechende Pseudonyme ermittelt bzw. erstellt werden.",
    "type" : "string"
  },
  {
    "name" : "study",
    "use" : "in",
    "min" : 1,
    "max" : "1",
    "documentation" : "Angabe der Studie",
    "type" : "string"
  },
  {
    "name" : "source",
    "use" : "in",
    "min" : 1,
    "max" : "1",
    "documentation" : "Angabe der Quell-Domäne (Herkunft des Originalwertes)",
    "type" : "string"
  },
  {
    "name" : "target",
    "use" : "in",
    "min" : 1,
    "max" : "1",
    "documentation" : "Angabe der Ziel-Domäne",
    "type" : "string"
  },
  {
    "name" : "event",
    "use" : "in",
    "min" : 0,
    "max" : "1",
    "documentation" : "Optionaler Parameter. Auszulösendes, vorkonfiguriertes Pseudonymisierungsevents innerhalb des Workflow-Managers.",
    "type" : "string"
  },
  {
    "name" : "pseudonym",
    "use" : "out",
    "min" : 0,
    "max" : "*",
    "documentation" : "Ermitteltes bzw. generiertes studien- und standort-spezifisches Pseudonym",
    "part" : [{
      "name" : "original",
      "use" : "out",
      "min" : 1,
      "max" : "1",
      "documentation" : "der zu pseudonymisierende Wert (im Request übergeben)",
      "type" : "Identifier"
    },
    {
      "name" : "target",
      "use" : "out",
      "min" : 1,
      "max" : "1",
      "documentation" : "die verwendete Ziel-Domäne (im Request übergeben)",
      "type" : "Identifier"
    },
    {
      "name" : "pseudonym",
      "use" : "out",
      "min" : 1,
      "max" : "1",
      "documentation" : "das in der Ziel-Domäne erzeugte Pseudonym.",
      "type" : "Identifier"
    }]
  },
  {
    "name" : "error",
    "use" : "out",
    "min" : 0,
    "max" : "*",
    "documentation" : "Wenn einzelne übergebene Parameter fehlerhaft bzw. nicht valide sind, wird statt eines Pseudonyms ein Fehler-Parameter (error-Parameter) mit der Fehlerbeschreibung zurückgeliefert.",
    "part" : [{
      "name" : "original",
      "use" : "out",
      "min" : 0,
      "max" : "1",
      "documentation" : "der zu pseudonymisierende Wert (im Request übergeben)",
      "type" : "Identifier"
    },
    {
      "name" : "target",
      "use" : "out",
      "min" : 0,
      "max" : "1",
      "documentation" : "die verwendete Ziel-Domäne (im Request übergeben)",
      "type" : "Identifier"
    },
    {
      "name" : "error-code",
      "use" : "out",
      "min" : 1,
      "max" : "1",
      "documentation" : "Fehlercode",
      "type" : "Coding"
    }]
  }]
}