URL,Version,Status,OIDs,Name,Title,Descriptino,Uses,Used,Sources
http://hl7.org/fhir/ValueSet/consent-provision-type,4.0.1,draft,"2.16.840.1.113883.4.642.3.757",ConsentProvisionType,ConsentProvisionType,"How a rule statement is applied, such as adding additional consent or removing consent.","ValueSet/PolicyStatusVS","hl7.fhir.r4.core"
http://hl7.org/fhir/ValueSet/iso3166-1-2,4.0.1,active,,Iso3166-1-2,Iso 3166 Part 1: 2 Letter Codes,"This value set defines the ISO 3166 Part 1 2-letter codes","StructureDefinition/Idat","hl7.terminology.r4"
http://hl7.org/fhir/ValueSet/languages,4.0.1,draft,"2.16.840.1.113883.4.642.3.20",CommonLanguages,Common Languages,"This value set includes common codes from BCP-47 (http://tools.ietf.org/html/bcp47)","StructureDefinition/Idat","hl7.terminology.r4"
http://hl7.org/fhir/ValueSet/marital-status,4.0.1,active,"2.16.840.1.113883.4.642.3.29",Marital Status Codes,MaritalStatus,"This value set defines the set of codes that can be used to indicate the marital status of a person.","StructureDefinition/Idat","THO (V3)"
https://ths-greifswald.de/fhir/ValueSet/dispatcher/IdatElements,2025.1.0,active,,IdatElements,,"",,"Internal"
https://ths-greifswald.de/fhir/ValueSet/epix/BloomfilterType,2025.1.0,draft,,BloomfilterType,,"",,"Internal"
https://ths-greifswald.de/fhir/ValueSet/epix/MatchStatus,2025.1.0,active,,MatchStatus,,"",,"Internal"
https://ths-greifswald.de/fhir/ValueSet/epix/SaveAction,2025.1.0,active,,SaveAction,,"",,"Internal"
https://ths-greifswald.de/fhir/ValueSet/gics/ConsentComponentType,2025.1.0,active,,ConsentComponentType,,"",,"Internal,Other"
https://ths-greifswald.de/fhir/ValueSet/gics/ConsentPolicyAction,2025.1.0,active,,ConsentPolicyAction,,"",,"Other"
https://ths-greifswald.de/fhir/ValueSet/gics/ConsentPolicyActor,2025.1.0,active,,ConsentPolicyActor,,"",,"Other"
https://ths-greifswald.de/fhir/ValueSet/gics/ConsentPolicyClass,2025.1.0,active,,ConsentPolicyClass,,"",,"Other"
https://ths-greifswald.de/fhir/ValueSet/gics/ConsentPolicyPurpose,2025.1.0,active,,ConsentPolicyPurpose,,"",,"Other"
https://ths-greifswald.de/fhir/ValueSet/gics/ConsentStatus,2025.1.0,active,,ConsentStatus,,"",,"Internal"
https://ths-greifswald.de/fhir/ValueSet/gics/ConsentStatusConsentFullValues,2025.1.0,active,,ConsentStatusConsentFullValues,,"",,"Internal"
https://ths-greifswald.de/fhir/ValueSet/gics/ConsentStatusConsentOptOutFullValues,2025.1.0,active,,ConsentStatusConsentOptOutFullValues,,"",,"Internal"
https://ths-greifswald.de/fhir/ValueSet/gics/ConsentStatusConsentOptOutShortValues,2025.1.0,active,,ConsentStatusConsentOptOutShortValues,,"",,"Internal"
https://ths-greifswald.de/fhir/ValueSet/gics/ConsentStatusConsentShortValues,2025.1.0,active,,ConsentStatusConsentShortValues,,"",,"Internal"
https://ths-greifswald.de/fhir/ValueSet/gics/ConsentStatusObjectionFullValues,2025.1.0,active,,ConsentStatusObjectionFullValues,,"",,"Internal"
https://ths-greifswald.de/fhir/ValueSet/gics/ConsentStatusObjectionShortValues,2025.1.0,active,,ConsentStatusObjectionShortValues,,"",,"Internal"
https://ths-greifswald.de/fhir/ValueSet/gics/ConsentStatusRefusalFullValues,2025.1.0,active,,ConsentStatusRefusalFullValues,,"",,"Internal"
https://ths-greifswald.de/fhir/ValueSet/gics/ConsentStatusRefusalShortValues,2025.1.0,active,,ConsentStatusRefusalShortValues,,"",,"Internal"
https://ths-greifswald.de/fhir/ValueSet/gics/ConsentStatusWithdrawalFullValues,2025.1.0,active,,ConsentStatusWithdrawalFullValues,,"",,"Internal"
https://ths-greifswald.de/fhir/ValueSet/gics/ConsentStatusWithdrawalShortValues,2025.1.0,active,,ConsentStatusWithdrawalShortValues,,"",,"Internal"
https://ths-greifswald.de/fhir/ValueSet/gics/IdMatchingType,2025.1.0,active,,IdMatchingType,,"",,"Internal"
https://ths-greifswald.de/fhir/ValueSet/gics/Policy,2025.1.0,draft,,Policy,,"",,"Internal"
https://ths-greifswald.de/fhir/ValueSet/gics/PolicyStatus,2025.1.0,active,,PolicyStatus,,"",,"THO (V3)"
