<?xml version="1.0" encoding="UTF-8"?>

<Parameters xmlns="http://hl7.org/fhir">
  <id value="Parameters-ProvidePatientData-request-example-1"/>
  <parameter>
    <name value="taskId"/>
    <valueId value="064ddebf-b20e-468a-97fd-88097bcdbc11"/>
  </parameter>
  <parameter>
    <name value="target"/>
    <valueString value="eyematics"/>
  </parameter>
  <parameter>
    <name value="patient"/>
    <resource>
      <Patient>
        <extension url="http://hl7.org/fhir/StructureDefinition/patient-birthPlace">
          <valueAddress>
            <city value="Musterhausen"/>
          </valueAddress>
        </extension>
        <name>
          <family value="Mustermann"/>
          <given value="Martin"/>
          <prefix value="Dr. med.">
            <extension url="http://hl7.org/fhir/StructureDefinition/iso21090-EN-qualifier">
              <valueCode value="AC"/>
            </extension>
          </prefix>
        </name>
        <gender value="male"/>
        <birthDate value="1965-12-03"/>
      </Patient>
    </resource>
  </parameter>
</Parameters>