{"resourceType":"OperationDefinition","id":"ProvidePatientData","text":{"status":"generated","div":"<div xmlns=\"http://www.w3.org/1999/xhtml\"><p class=\"res-header-id\"><b>Generated Narrative: OperationDefinition ProvidePatientData</b></p><a name=\"ProvidePatientData\"> </a><a name=\"hcProvidePatientData\"> </a><p>URL: [base]/$providePatientData</p><h3>Parameters</h3><table class=\"grid\"><tr><td><b>Use</b></td><td><b>Name</b></td><td><b>Scope</b></td><td><b>Cardinality</b></td><td><b>Type</b></td><td><b>Binding</b></td><td><b>Documentation</b></td></tr><tr><td>IN</td><td>taskId</td><td/><td>1..1</td><td><a href=\"http://hl7.org/fhir/R4/datatypes.html#id\">id</a></td><td/><td><div><p>Identifikator der Aufgabe; Rückreferenzierung auf die aus der providePatientData Operation erhaltene Aufgabe.</p>\n</div></td></tr><tr><td>IN</td><td>target</td><td/><td>1..1</td><td><a href=\"http://hl7.org/fhir/R4/datatypes.html#string\">string</a></td><td/><td><div><p>Angabe der Ziel-Domäne bzw. des abrufenden Standorts</p>\n</div></td></tr><tr><td>IN</td><td>patient</td><td/><td>1..1</td><td><a href=\"http://hl7.org/fhir/R4/patient.html\">Patient</a></td><td/><td><div><p>Patient-Ressource die, soweit bekannt, die in der der taskId assoziierten Aufgabe definierten identifizierenden Datenelemente eines Patienten enthält.</p>\n</div></td></tr><tr><td>OUT</td><td>return</td><td/><td>0..1</td><td><a href=\"http://hl7.org/fhir/R4/bundle.html\">Bundle</a></td><td/><td><div><p>Bundle mit den beschriebenen Inhalten</p>\n</div></td></tr></table><div><p>Identifizierende Daten (IDAT) werden für einen Clearing-Prozess an die föderierte Treuhandstelle (fTTP) übertragen. Die darin enthaltenen Attribute (z.B. Vorname, Nachname, usw.) dienen für ein konventionelles Record Linkage und werden danach in der fTTP unwiederbringlich gelöscht.</p>\n</div></div>"},"url":"https://ths-greifswald.de/fhir/OperationDefinition/dispatcher/providePatientData","version":"2025.1.0","name":"ProvidePatientData","title":"providePatientData","status":"active","kind":"operation","date":"2025-06-12","publisher":"Unabhängige Treuhandstelle der Universitätsmedizin Greifswald","contact":[{"name":"Unabhängige Treuhandstelle der Universitätsmedizin Greifswald","telecom":[{"system":"url","value":"https://www.ths-greifswald.de/"}]}],"description":"Identifizierende Daten (IDAT) werden für einen Clearing-Prozess an die föderierte Treuhandstelle (fTTP) übertragen. Die darin enthaltenen Attribute (z.B. Vorname, Nachname, usw.) dienen für ein konventionelles Record Linkage und werden danach in der fTTP unwiederbringlich gelöscht.","affectsState":true,"code":"providePatientData","comment":"Identifizierende Daten (IDAT) werden für einen Clearing-Prozess an die föderierte Treuhandstelle (fTTP) übertragen. Die darin enthaltenen Attribute (z.B. Vorname, Nachname, usw.) dienen für ein konventionelles Record Linkage und werden danach in der fTTP unwiederbringlich gelöscht.","system":true,"type":false,"instance":false,"parameter":[{"name":"taskId","use":"in","min":1,"max":"1","documentation":"Identifikator der Aufgabe; Rückreferenzierung auf die aus der providePatientData Operation erhaltene Aufgabe.","type":"id"},{"name":"target","use":"in","min":1,"max":"1","documentation":"Angabe der Ziel-Domäne bzw. des abrufenden Standorts","type":"string"},{"name":"patient","use":"in","min":1,"max":"1","documentation":"Patient-Ressource die, soweit bekannt, die in der der taskId assoziierten Aufgabe definierten identifizierenden Datenelemente eines Patienten enthält.","type":"Patient"},{"name":"return","use":"out","min":0,"max":"1","documentation":"Bundle mit den beschriebenen Inhalten","type":"Bundle"}]}