<?xml version="1.0" encoding="UTF-8"?><OperationDefinition xmlns="http://hl7.org/fhir"><id value="ProvidePatientData"/><text><status value="generated"/><div xmlns="http://www.w3.org/1999/xhtml"><p class="res-header-id"><b>Generated Narrative: OperationDefinition ProvidePatientData</b></p><a name="ProvidePatientData"> </a><a name="hcProvidePatientData"> </a><p>URL: [base]/$providePatientData</p><h3>Parameters</h3><table class="grid"><tr><td><b>Use</b></td><td><b>Name</b></td><td><b>Scope</b></td><td><b>Cardinality</b></td><td><b>Type</b></td><td><b>Binding</b></td><td><b>Documentation</b></td></tr><tr><td>IN</td><td>taskId</td><td/><td>1..1</td><td><a href="http://hl7.org/fhir/R4/datatypes.html#id">id</a></td><td/><td><div><p>Identifikator der Aufgabe; Rückreferenzierung auf die aus der providePatientData Operation erhaltene Aufgabe.</p>
</div></td></tr><tr><td>IN</td><td>target</td><td/><td>1..1</td><td><a href="http://hl7.org/fhir/R4/datatypes.html#string">string</a></td><td/><td><div><p>Angabe der Ziel-Domäne bzw. des abrufenden Standorts</p>
</div></td></tr><tr><td>IN</td><td>patient</td><td/><td>1..1</td><td><a href="http://hl7.org/fhir/R4/patient.html">Patient</a></td><td/><td><div><p>Patient-Ressource die, soweit bekannt, die in der der taskId assoziierten Aufgabe definierten identifizierenden Datenelemente eines Patienten enthält.</p>
</div></td></tr><tr><td>OUT</td><td>return</td><td/><td>0..1</td><td><a href="http://hl7.org/fhir/R4/bundle.html">Bundle</a></td><td/><td><div><p>Bundle mit den beschriebenen Inhalten</p>
</div></td></tr></table><div><p>Identifizierende Daten (IDAT) werden für einen Clearing-Prozess an die föderierte Treuhandstelle (fTTP) übertragen. Die darin enthaltenen Attribute (z.B. Vorname, Nachname, usw.) dienen für ein konventionelles Record Linkage und werden danach in der fTTP unwiederbringlich gelöscht.</p>
</div></div></text><url value="https://ths-greifswald.de/fhir/OperationDefinition/dispatcher/providePatientData"/><version value="2025.2.0"/><name value="ProvidePatientData"/><title value="providePatientData"/><status value="active"/><kind value="operation"/><date value="2025-06-12"/><publisher value="Unabhängige Treuhandstelle der Universitätsmedizin Greifswald"/><contact><name value="Unabhängige Treuhandstelle der Universitätsmedizin Greifswald"/><telecom><system value="url"/><value value="https://www.ths-greifswald.de/"/></telecom></contact><description value="Identifizierende Daten (IDAT) werden für einen Clearing-Prozess an die föderierte Treuhandstelle (fTTP) übertragen. Die darin enthaltenen Attribute (z.B. Vorname, Nachname, usw.) dienen für ein konventionelles Record Linkage und werden danach in der fTTP unwiederbringlich gelöscht."/><affectsState value="true"/><code value="providePatientData"/><comment value="Identifizierende Daten (IDAT) werden für einen Clearing-Prozess an die föderierte Treuhandstelle (fTTP) übertragen. Die darin enthaltenen Attribute (z.B. Vorname, Nachname, usw.) dienen für ein konventionelles Record Linkage und werden danach in der fTTP unwiederbringlich gelöscht."/><system value="true"/><type value="false"/><instance value="false"/><parameter><name value="taskId"/><use value="in"/><min value="1"/><max value="1"/><documentation value="Identifikator der Aufgabe; Rückreferenzierung auf die aus der providePatientData Operation erhaltene Aufgabe."/><type value="id"/></parameter><parameter><name value="target"/><use value="in"/><min value="1"/><max value="1"/><documentation value="Angabe der Ziel-Domäne bzw. des abrufenden Standorts"/><type value="string"/></parameter><parameter><name value="patient"/><use value="in"/><min value="1"/><max value="1"/><documentation value="Patient-Ressource die, soweit bekannt, die in der der taskId assoziierten Aufgabe definierten identifizierenden Datenelemente eines Patienten enthält."/><type value="Patient"/></parameter><parameter><name value="return"/><use value="out"/><min value="0"/><max value="1"/><documentation value="Bundle mit den beschriebenen Inhalten"/><type value="Bundle"/></parameter></OperationDefinition>