<?xml version="1.0" encoding="UTF-8"?><OperationDefinition xmlns="http://hl7.org/fhir"><id value="RequestPsnWorkflow"/><text><status value="generated"/><div xmlns="http://www.w3.org/1999/xhtml"><p class="res-header-id"><b>Generated Narrative: OperationDefinition RequestPsnWorkflow</b></p><a name="RequestPsnWorkflow"> </a><a name="hcRequestPsnWorkflow"> </a><p>URL: [base]/$requestPsnWorkflow</p><h3>Parameters</h3><table class="grid"><tr><td><b>Use</b></td><td><b>Name</b></td><td><b>Scope</b></td><td><b>Cardinality</b></td><td><b>Type</b></td><td><b>Binding</b></td><td><b>Documentation</b></td></tr><tr><td>IN</td><td>original</td><td/><td>1..*</td><td><a href="http://hl7.org/fhir/R4/datatypes.html#string">string</a></td><td/><td><div><p>Liste studien- und standortspezifischer Originalwerte für die entsprechende Pseudonyme ermittelt bzw. erstellt werden.</p>
</div></td></tr><tr><td>IN</td><td>study</td><td/><td>1..1</td><td><a href="http://hl7.org/fhir/R4/datatypes.html#string">string</a></td><td/><td><div><p>Angabe der Studie</p>
</div></td></tr><tr><td>IN</td><td>source</td><td/><td>1..1</td><td><a href="http://hl7.org/fhir/R4/datatypes.html#string">string</a></td><td/><td><div><p>Angabe der Quell-Domäne (Herkunft des Originalwertes)</p>
</div></td></tr><tr><td>IN</td><td>target</td><td/><td>1..1</td><td><a href="http://hl7.org/fhir/R4/datatypes.html#string">string</a></td><td/><td><div><p>Angabe der Ziel-Domäne</p>
</div></td></tr><tr><td>IN</td><td>event</td><td/><td>0..1</td><td><a href="http://hl7.org/fhir/R4/datatypes.html#string">string</a></td><td/><td><div><p>Optionaler Parameter. Auszulösendes, vorkonfiguriertes Pseudonymisierungsevents innerhalb des Workflow-Managers.</p>
</div></td></tr><tr><td>OUT</td><td>pseudonym</td><td/><td>0..*</td><td></td><td/><td><div><p>Ermitteltes bzw. generiertes studien- und standort-spezifisches Pseudonym</p>
</div></td></tr><tr><td>OUT</td><td>pseudonym.original</td><td/><td>1..1</td><td><a href="http://hl7.org/fhir/R4/datatypes.html#Identifier">Identifier</a></td><td/><td><div><p>der zu pseudonymisierende Wert (im Request übergeben)</p>
</div></td></tr><tr><td>OUT</td><td>pseudonym.target</td><td/><td>1..1</td><td><a href="http://hl7.org/fhir/R4/datatypes.html#Identifier">Identifier</a></td><td/><td><div><p>die verwendete Ziel-Domäne (im Request übergeben)</p>
</div></td></tr><tr><td>OUT</td><td>pseudonym.pseudonym</td><td/><td>1..1</td><td><a href="http://hl7.org/fhir/R4/datatypes.html#Identifier">Identifier</a></td><td/><td><div><p>das in der Ziel-Domäne erzeugte Pseudonym.</p>
</div></td></tr><tr><td>OUT</td><td>error</td><td/><td>0..*</td><td></td><td/><td><div><p>Wenn einzelne übergebene Parameter fehlerhaft bzw. nicht valide sind, wird statt eines Pseudonyms ein Fehler-Parameter (error-Parameter) mit der Fehlerbeschreibung zurückgeliefert.</p>
</div></td></tr><tr><td>OUT</td><td>error.original</td><td/><td>0..1</td><td><a href="http://hl7.org/fhir/R4/datatypes.html#Identifier">Identifier</a></td><td/><td><div><p>der zu pseudonymisierende Wert (im Request übergeben)</p>
</div></td></tr><tr><td>OUT</td><td>error.target</td><td/><td>0..1</td><td><a href="http://hl7.org/fhir/R4/datatypes.html#Identifier">Identifier</a></td><td/><td><div><p>die verwendete Ziel-Domäne (im Request übergeben)</p>
</div></td></tr><tr><td>OUT</td><td>error.error-code</td><td/><td>1..1</td><td><a href="http://hl7.org/fhir/R4/datatypes.html#Coding">Coding</a></td><td/><td><div><p>Fehlercode</p>
</div></td></tr></table><div><p>Abfragen bzw. anlegen von Pseudonymen auf Basis eines vorkonfigurierten Pseudonymisierungsablaufs (Workflow) für einen gegebenen Geltungsbereich (Studie und Standort). Die Rückgabe der generierten standort- und studienspezifischen-Pseudonyme erfolgt als Parameter.</p>
</div></div></text><url value="https://ths-greifswald.de/fhir/OperationDefinition/dispatcher/requestPsnWorkflow"/><version value="2025.2.0"/><name value="RequestPsnWorkflow"/><title value="requestPsnWorkflow"/><status value="active"/><kind value="operation"/><date value="2025-06-12"/><publisher value="Unabhängige Treuhandstelle der Universitätsmedizin Greifswald"/><contact><name value="Unabhängige Treuhandstelle der Universitätsmedizin Greifswald"/><telecom><system value="url"/><value value="https://www.ths-greifswald.de/"/></telecom></contact><description value="Abfragen bzw. anlegen von Pseudonymen auf Basis eines vorkonfigurierten Pseudonymisierungsablaufs (Workflow) für einen gegebenen Geltungsbereich (Studie und Standort). Die Rückgabe der generierten standort- und studienspezifischen-Pseudonyme erfolgt als Parameter."/><purpose value="Teil des FHIR Gateway für Dispatcher und gPAS. Weitere Infos unter https://ths-greifswald.de"/><code value="requestPsnWorkflow"/><comment value="Abfragen bzw. anlegen von Pseudonymen auf Basis eines vorkonfigurierten Pseudonymisierungsablaufs (Workflow) für einen gegebenen Geltungsbereich (Studie und Standort). Die Rückgabe der generierten standort- und studienspezifischen-Pseudonyme erfolgt als Parameter."/><system value="true"/><type value="false"/><instance value="false"/><parameter><name value="original"/><use value="in"/><min value="1"/><max value="*"/><documentation value="Liste studien- und standortspezifischer Originalwerte für die entsprechende Pseudonyme ermittelt bzw. erstellt werden."/><type value="string"/></parameter><parameter><name value="study"/><use value="in"/><min value="1"/><max value="1"/><documentation value="Angabe der Studie"/><type value="string"/></parameter><parameter><name value="source"/><use value="in"/><min value="1"/><max value="1"/><documentation value="Angabe der Quell-Domäne (Herkunft des Originalwertes)"/><type value="string"/></parameter><parameter><name value="target"/><use value="in"/><min value="1"/><max value="1"/><documentation value="Angabe der Ziel-Domäne"/><type value="string"/></parameter><parameter><name value="event"/><use value="in"/><min value="0"/><max value="1"/><documentation value="Optionaler Parameter. Auszulösendes, vorkonfiguriertes Pseudonymisierungsevents innerhalb des Workflow-Managers."/><type value="string"/></parameter><parameter><name value="pseudonym"/><use value="out"/><min value="0"/><max value="*"/><documentation value="Ermitteltes bzw. generiertes studien- und standort-spezifisches Pseudonym"/><part><name value="original"/><use value="out"/><min value="1"/><max value="1"/><documentation value="der zu pseudonymisierende Wert (im Request übergeben)"/><type value="Identifier"/></part><part><name value="target"/><use value="out"/><min value="1"/><max value="1"/><documentation value="die verwendete Ziel-Domäne (im Request übergeben)"/><type value="Identifier"/></part><part><name value="pseudonym"/><use value="out"/><min value="1"/><max value="1"/><documentation value="das in der Ziel-Domäne erzeugte Pseudonym."/><type value="Identifier"/></part></parameter><parameter><name value="error"/><use value="out"/><min value="0"/><max value="*"/><documentation value="Wenn einzelne übergebene Parameter fehlerhaft bzw. nicht valide sind, wird statt eines Pseudonyms ein Fehler-Parameter (error-Parameter) mit der Fehlerbeschreibung zurückgeliefert."/><part><name value="original"/><use value="out"/><min value="0"/><max value="1"/><documentation value="der zu pseudonymisierende Wert (im Request übergeben)"/><type value="Identifier"/></part><part><name value="target"/><use value="out"/><min value="0"/><max value="1"/><documentation value="die verwendete Ziel-Domäne (im Request übergeben)"/><type value="Identifier"/></part><part><name value="error-code"/><use value="out"/><min value="1"/><max value="1"/><documentation value="Fehlercode"/><type value="Coding"/></part></parameter></OperationDefinition>