<?xml version="1.0" encoding="UTF-8"?><ValueSet xmlns="http://hl7.org/fhir"><id value="ConsentStatusConsentOptOutFullValuesVS"/><text><status value="generated"/><div xmlns="http://www.w3.org/1999/xhtml"><p class="res-header-id"><b>Generated Narrative: ValueSet ConsentStatusConsentOptOutFullValuesVS</b></p><a name="ConsentStatusConsentOptOutFullValuesVS"> </a><a name="hcConsentStatusConsentOptOutFullValuesVS"> </a><p>This value set contains 3 concepts</p><table class="codes"><tr><td><b>System</b></td><td style="white-space:nowrap"><b>Code</b></td><td><b>Display</b></td></tr><tr><td><a name="ConsentStatusConsentOptOutFullValuesVS-https://ths-greifswald.de/fhir/CodeSystem/gics/ConsentStatus-ACCEPTED_OPT_OUT"> </a><code>https://ths-greifswald.de/fhir/CodeSystem/gics/ConsentStatus</code></td><td style="white-space:nowrap">  <a href="CodeSystem-ConsentStatusCS.html#ConsentStatusCS-ACCEPTED_OPT_OUT">ACCEPTED_OPT_OUT</a></td><td>Ja (Opt-Out)</td></tr><tr><td><a name="ConsentStatusConsentOptOutFullValuesVS-https://ths-greifswald.de/fhir/CodeSystem/gics/ConsentStatus-NOT_ASKED"> </a><code>https://ths-greifswald.de/fhir/CodeSystem/gics/ConsentStatus</code></td><td style="white-space:nowrap">  <a href="CodeSystem-ConsentStatusCS.html#ConsentStatusCS-NOT_ASKED">NOT_ASKED</a></td><td>Nicht gefragt</td></tr><tr><td><a name="ConsentStatusConsentOptOutFullValuesVS-https://ths-greifswald.de/fhir/CodeSystem/gics/ConsentStatus-NOT_CHOSEN"> </a><code>https://ths-greifswald.de/fhir/CodeSystem/gics/ConsentStatus</code></td><td style="white-space:nowrap">  <a href="CodeSystem-ConsentStatusCS.html#ConsentStatusCS-NOT_CHOSEN">NOT_CHOSEN</a></td><td>Nicht gefragt</td></tr></table></div></text><url value="https://ths-greifswald.de/fhir/ValueSet/gics/ConsentStatusConsentOptOutFullValues"/><version value="2025.2.0"/><name value="ConsentStatusConsentOptOutFullValues"/><status value="active"/><experimental value="false"/><date value="2025-06-12"/><publisher value="Unabhängige Treuhandstelle der Universitätsmedizin Greifswald"/><contact><name value="Unabhängige Treuhandstelle der Universitätsmedizin Greifswald"/><telecom><system value="url"/><value value="https://www.ths-greifswald.de/"/></telecom></contact><copyright value="Copyright 2020-2025 Unabhängige Treuhandstelle der Universitätsmedizin Greifswald"/><compose><include><system value="https://ths-greifswald.de/fhir/CodeSystem/gics/ConsentStatus"/><concept><code value="ACCEPTED_OPT_OUT"/></concept><concept><code value="NOT_ASKED"/></concept><concept><code value="NOT_CHOSEN"/></concept></include></compose><expansion><timestamp value="2024-10-04T12:00:00Z"/><total value="3"/><contains><system value="https://ths-greifswald.de/fhir/CodeSystem/gics/ConsentStatus"/><code value="ACCEPTED_OPT_OUT"/><display value="Ja (Opt-Out)"/></contains><contains><system value="https://ths-greifswald.de/fhir/CodeSystem/gics/ConsentStatus"/><code value="NOT_ASKED"/><display value="Nicht gefragt"/></contains><contains><system value="https://ths-greifswald.de/fhir/CodeSystem/gics/ConsentStatus"/><code value="NOT_CHOSEN"/><display value="Nicht gefragt"/></contains></expansion></ValueSet>