<?xml version="1.0" encoding="UTF-8"?><ValueSet xmlns="http://hl7.org/fhir"><id value="ConsentStatusWithdrawalShortValuesVS"/><text><status value="generated"/><div xmlns="http://www.w3.org/1999/xhtml"><p class="res-header-id"><b>Generated Narrative: ValueSet ConsentStatusWithdrawalShortValuesVS</b></p><a name="ConsentStatusWithdrawalShortValuesVS"> </a><a name="hcConsentStatusWithdrawalShortValuesVS"> </a><p>This value set contains 2 concepts</p><table class="codes"><tr><td><b>System</b></td><td style="white-space:nowrap"><b>Code</b></td><td><b>Display</b></td></tr><tr><td><a name="ConsentStatusWithdrawalShortValuesVS-https://ths-greifswald.de/fhir/CodeSystem/gics/ConsentStatus-WITHDRAWN"> </a><code>https://ths-greifswald.de/fhir/CodeSystem/gics/ConsentStatus</code></td><td style="white-space:nowrap">  <a href="CodeSystem-ConsentStatusCS.html#ConsentStatusCS-WITHDRAWN">WITHDRAWN</a></td><td>Ja</td></tr><tr><td><a name="ConsentStatusWithdrawalShortValuesVS-https://ths-greifswald.de/fhir/CodeSystem/gics/ConsentStatus-NOT_CHOSEN"> </a><code>https://ths-greifswald.de/fhir/CodeSystem/gics/ConsentStatus</code></td><td style="white-space:nowrap">  <a href="CodeSystem-ConsentStatusCS.html#ConsentStatusCS-NOT_CHOSEN">NOT_CHOSEN</a></td><td>Nein</td></tr></table></div></text><url value="https://ths-greifswald.de/fhir/ValueSet/gics/ConsentStatusWithdrawalShortValues"/><version value="2025.2.0"/><name value="ConsentStatusWithdrawalShortValues"/><status value="active"/><experimental value="false"/><date value="2025-06-12"/><publisher value="Unabhängige Treuhandstelle der Universitätsmedizin Greifswald"/><contact><name value="Unabhängige Treuhandstelle der Universitätsmedizin Greifswald"/><telecom><system value="url"/><value value="https://www.ths-greifswald.de/"/></telecom></contact><copyright value="Copyright 2020-2025 Unabhängige Treuhandstelle der Universitätsmedizin Greifswald"/><compose><include><system value="https://ths-greifswald.de/fhir/CodeSystem/gics/ConsentStatus"/><concept><code value="WITHDRAWN"/></concept><concept><code value="NOT_CHOSEN"/></concept></include></compose><expansion><timestamp value="2021-04-12T12:00:00Z"/><total value="2"/><parameter><name value="designation"/><valueCode value="withdrawal"/></parameter><contains><system value="https://ths-greifswald.de/fhir/CodeSystem/gics/ConsentStatus"/><code value="WITHDRAWN"/><display value="Ja"/></contains><contains><system value="https://ths-greifswald.de/fhir/CodeSystem/gics/ConsentStatus"/><code value="NOT_CHOSEN"/><display value="Nein"/></contains></expansion></ValueSet>