<?xml version="1.0" encoding="UTF-8"?><ValueSet xmlns="http://hl7.org/fhir"><id value="MatchStatusVS"/><text><status value="generated"/><div xmlns="http://www.w3.org/1999/xhtml"><p class="res-header-id"><b>Generated Narrative: ValueSet MatchStatusVS</b></p><a name="MatchStatusVS"> </a><a name="hcMatchStatusVS"> </a><p>This value set contains 8 concepts</p><table class="codes"><tr><td><b>System</b></td><td style="white-space:nowrap"><b>Code</b></td><td><b>Display</b></td></tr><tr><td><a name="MatchStatusVS-https://ths-greifswald.de/fhir/CodeSystem/epix/MatchStatus-EXTERNAL_MATCH"> </a><code>https://ths-greifswald.de/fhir/CodeSystem/epix/MatchStatus</code></td><td style="white-space:nowrap">  <a href="CodeSystem-MatchStatusCS.html#MatchStatusCS-EXTERNAL_MATCH">EXTERNAL_MATCH</a></td><td>external match</td></tr><tr><td><a name="MatchStatusVS-https://ths-greifswald.de/fhir/CodeSystem/epix/MatchStatus-MATCH"> </a><code>https://ths-greifswald.de/fhir/CodeSystem/epix/MatchStatus</code></td><td style="white-space:nowrap">  <a href="CodeSystem-MatchStatusCS.html#MatchStatusCS-MATCH">MATCH</a></td><td>match</td></tr><tr><td><a name="MatchStatusVS-https://ths-greifswald.de/fhir/CodeSystem/epix/MatchStatus-MATCH_ERROR"> </a><code>https://ths-greifswald.de/fhir/CodeSystem/epix/MatchStatus</code></td><td style="white-space:nowrap">  <a href="CodeSystem-MatchStatusCS.html#MatchStatusCS-MATCH_ERROR">MATCH_ERROR</a></td><td>match error</td></tr><tr><td><a name="MatchStatusVS-https://ths-greifswald.de/fhir/CodeSystem/epix/MatchStatus-MULTIPLE_MATCH"> </a><code>https://ths-greifswald.de/fhir/CodeSystem/epix/MatchStatus</code></td><td style="white-space:nowrap">  <a href="CodeSystem-MatchStatusCS.html#MatchStatusCS-MULTIPLE_MATCH">MULTIPLE_MATCH</a></td><td>multiple match</td></tr><tr><td><a name="MatchStatusVS-https://ths-greifswald.de/fhir/CodeSystem/epix/MatchStatus-NO_MATCH"> </a><code>https://ths-greifswald.de/fhir/CodeSystem/epix/MatchStatus</code></td><td style="white-space:nowrap">  <a href="CodeSystem-MatchStatusCS.html#MatchStatusCS-NO_MATCH">NO_MATCH</a></td><td>no match</td></tr><tr><td><a name="MatchStatusVS-https://ths-greifswald.de/fhir/CodeSystem/epix/MatchStatus-PERFECT_MATCH"> </a><code>https://ths-greifswald.de/fhir/CodeSystem/epix/MatchStatus</code></td><td style="white-space:nowrap">  <a href="CodeSystem-MatchStatusCS.html#MatchStatusCS-PERFECT_MATCH">PERFECT_MATCH</a></td><td>perfect match</td></tr><tr><td><a name="MatchStatusVS-https://ths-greifswald.de/fhir/CodeSystem/epix/MatchStatus-PERFECT_MATCH_WITH_UPDATE"> </a><code>https://ths-greifswald.de/fhir/CodeSystem/epix/MatchStatus</code></td><td style="white-space:nowrap">  <a href="CodeSystem-MatchStatusCS.html#MatchStatusCS-PERFECT_MATCH_WITH_UPDATE">PERFECT_MATCH_WITH_UPDATE</a></td><td>perfect match with update</td></tr><tr><td><a name="MatchStatusVS-https://ths-greifswald.de/fhir/CodeSystem/epix/MatchStatus-POSSIBLE_MATCH"> </a><code>https://ths-greifswald.de/fhir/CodeSystem/epix/MatchStatus</code></td><td style="white-space:nowrap">  <a href="CodeSystem-MatchStatusCS.html#MatchStatusCS-POSSIBLE_MATCH">POSSIBLE_MATCH</a></td><td>possible match</td></tr></table></div></text><url value="https://ths-greifswald.de/fhir/ValueSet/epix/MatchStatus"/><version value="2025.2.0"/><name value="MatchStatus"/><status value="active"/><experimental value="false"/><date value="2025-06-12"/><publisher value="Unabhängige Treuhandstelle der Universitätsmedizin Greifswald"/><contact><name value="Unabhängige Treuhandstelle der Universitätsmedizin Greifswald"/><telecom><system value="url"/><value value="https://www.ths-greifswald.de/"/></telecom></contact><copyright value="Copyright 2020-2025 Unabhängige Treuhandstelle der Universitätsmedizin Greifswald"/><compose><include><system value="https://ths-greifswald.de/fhir/CodeSystem/epix/MatchStatus"/></include></compose><expansion><timestamp value="2021-10-28T12:00:00.000+02:00"/><total value="8"/><contains><system value="https://ths-greifswald.de/fhir/CodeSystem/epix/MatchStatus"/><code value="EXTERNAL_MATCH"/><display value="external match"/></contains><contains><system value="https://ths-greifswald.de/fhir/CodeSystem/epix/MatchStatus"/><code value="MATCH"/><display value="match"/></contains><contains><system value="https://ths-greifswald.de/fhir/CodeSystem/epix/MatchStatus"/><code value="MATCH_ERROR"/><display value="match error"/></contains><contains><system value="https://ths-greifswald.de/fhir/CodeSystem/epix/MatchStatus"/><code value="MULTIPLE_MATCH"/><display value="multiple match"/></contains><contains><system value="https://ths-greifswald.de/fhir/CodeSystem/epix/MatchStatus"/><code value="NO_MATCH"/><display value="no match"/></contains><contains><system value="https://ths-greifswald.de/fhir/CodeSystem/epix/MatchStatus"/><code value="PERFECT_MATCH"/><display value="perfect match"/></contains><contains><system value="https://ths-greifswald.de/fhir/CodeSystem/epix/MatchStatus"/><code value="PERFECT_MATCH_WITH_UPDATE"/><display value="perfect match with update"/></contains><contains><system value="https://ths-greifswald.de/fhir/CodeSystem/epix/MatchStatus"/><code value="POSSIBLE_MATCH"/><display value="possible match"/></contains></expansion></ValueSet>